<?xml version="1.0" encoding="UTF-8"?>
<!DOCTYPE suite SYSTEM "https://testng.org/testng-1.0.dtd">
<suite name="Suite">
	<test thread-count="5" name="Test">
		<classes>
			<class name="UM_Client_Test.loginPageTest" />
			<class name="UM_Client_Test.masterPageTest" />
			<class name="UM_Client_Test.userCreationPageTest" />
			<class name="UM_Client_Test.userPageTest" />
			<class name="UM_Client_Test.userMappingTest" />
			<class name="UM_Client_Test.ccMappingTest" />
		</classes>
	</test> <!-- Test -->
</suite> <!-- Suite -->
