<?xml version="1.0" encoding="UTF-8"?>
<!DOCTYPE suite SYSTEM "https://testng.org/testng-1.0.dtd">
<suite name="Suite">
  <test thread-count="5" name="Test">
    <classes>
      <class name="UM_Super_Admin_Test.LoginPageTest"/>
      <class name="UM_Super_Admin_Test.ClientsPageTest"/>
      <class name="UM_Super_Admin_Test.masterPageTest"/>
      <class name="UM_Super_Admin_Test.ClientAdminPageTest"/>
      <class name="UM_Super_Admin_Test.ClientMappingPageTest"/>
    </classes>
  </test> <!-- Test -->
</suite> <!-- Suite -->
